CWT,Fungi,binary,0.9731183052062988
CWT,Fungi,binary,0.059139784425497055
CWT,CricketX,binary,0.4769230782985687
CWT,CricketX,binary,0.08717948943376541
CWT,ECGFiveDays,binary,0.9094076752662659
CWT,ECGFiveDays,binary,0.5029035806655884
CWT,FiftyWords,binary,0.446153849363327
CWT,FiftyWords,binary,0.035164836794137955
CWT,Haptics,binary,0.44480520486831665
CWT,Haptics,binary,0.19155843555927277
CWT,Wine,binary,0.6111111044883728
CWT,Wine,binary,0.5
CWT,GunPoint,binary,0.8999999761581421
CWT,GunPoint,binary,0.4933333396911621
CWT,PigAirwayPressure,binary,0.03846153989434242
CWT,PigAirwayPressure,binary,0.01923076994717121
CWT,WormsTwoClass,binary,0.5194805264472961
CWT,WormsTwoClass,binary,0.5714285969734192
CWT,DistalPhalanxOutlineAgeGroup,binary,0.6834532618522644
CWT,DistalPhalanxOutlineAgeGroup,binary,0.42446044087409973
CWT,SonyAIBORobotSurface1,binary,0.8302828669548035
CWT,SonyAIBORobotSurface1,binary,0.4292845129966736
CWT,SemgHandSubjectCh2,binary,0.6933333277702332
CWT,SemgHandSubjectCh2,binary,0.20000000298023224
CWT,DodgerLoopWeekend,binary,0.97826087474823
CWT,DodgerLoopWeekend,binary,0.260869562625885
CWT,ArrowHead,binary,0.7200000286102295
CWT,ArrowHead,binary,0.3942857086658478
CWT,DistalPhalanxOutlineCorrect,binary,0.8007246255874634
CWT,DistalPhalanxOutlineCorrect,binary,0.5833333134651184
CWT,GunPointAgeSpan,binary,0.9272152185440063
CWT,GunPointAgeSpan,binary,0.49367088079452515
CWT,ToeSegmentation2,binary,0.8692307472229004
CWT,ToeSegmentation2,binary,0.1846153885126114
CWT,GesturePebbleZ1,binary,0.8081395626068115
CWT,GesturePebbleZ1,binary,0.16860465705394745
CWT,Trace,binary,0.949999988079071
CWT,Trace,binary,0.28999999165534973
CWT,LargeKitchenAppliances,binary,0.5093333125114441
CWT,LargeKitchenAppliances,binary,0.3333333432674408
CWT,ProximalPhalanxTW,binary,0.6780487895011902
CWT,ProximalPhalanxTW,binary,0.35121950507164
CWT,CinCECGTorso,binary,0.6985507011413574
CWT,CinCECGTorso,binary,0.25362318754196167
CWT,MiddlePhalanxTW,binary,0.5584415793418884
CWT,MiddlePhalanxTW,binary,0.2857142984867096
CWT,InlineSkate,binary,0.24909090995788574
CWT,InlineSkate,binary,0.15454545617103577
CWT,ShapeletSim,binary,0.5
CWT,ShapeletSim,binary,0.5
CWT,SwedishLeaf,binary,0.8895999789237976
CWT,SwedishLeaf,binary,0.06400000303983688
CWT,Plane,binary,0.9904761910438538
CWT,Plane,binary,0.13333334028720856
CWT,Chinatown,binary,0.967930018901825
CWT,Chinatown,binary,0.2740524709224701
CWT,Lightning2,binary,1.0
CWT,Lightning2,binary,1.0
CWT,FaceFour,binary,0.9090909361839294
CWT,FaceFour,binary,0.15909090638160706
CWT,ECG200,binary,1.0
CWT,ECG200,binary,1.0
CWT,GestureMidAirD1,binary,0.5923076868057251
CWT,GestureMidAirD1,binary,0.03846153989434242
CWT,Rock,binary,0.6399999856948853
CWT,Rock,binary,0.2800000011920929
CWT,Lightning7,binary,0.7123287916183472
CWT,Lightning7,binary,0.13698630034923553
CWT,TwoLeadECG,binary,0.8999121785163879
CWT,TwoLeadECG,binary,0.49956101179122925
CWT,ScreenType,binary,0.4266666769981384
CWT,ScreenType,binary,0.3333333432674408
CWT,Coffee,binary,0.5714285969734192
CWT,Coffee,binary,0.5357142686843872
CWT,SonyAIBORobotSurface2,binary,0.8719832301139832
CWT,SonyAIBORobotSurface2,binary,0.38300105929374695
CWT,GunPointMaleVersusFemale,binary,0.9873417615890503
CWT,GunPointMaleVersusFemale,binary,0.5253164768218994
CWT,EOGHorizontalSignal,binary,0.3729281723499298
CWT,EOGHorizontalSignal,binary,0.08287292718887329
CWT,EOGVerticalSignal,binary,0.3342541456222534
CWT,EOGVerticalSignal,binary,0.08287292718887329
CWT,Strawberry,binary,0.8216215968132019
CWT,Strawberry,binary,0.6432432532310486
CWT,CricketY,binary,0.6512820720672607
CWT,CricketY,binary,0.07948718219995499
CWT,OliveOil,binary,0.4000000059604645
CWT,OliveOil,binary,0.4000000059604645
CWT,Herring,binary,0.625
CWT,Herring,binary,0.59375
CWT,BirdChicken,binary,0.699999988079071
CWT,BirdChicken,binary,0.5
CWT,WordSynonyms,binary,0.5454545617103577
CWT,WordSynonyms,binary,0.012539184652268887
CWT,ProximalPhalanxOutlineAgeGroup,binary,0.8536585569381714
CWT,ProximalPhalanxOutlineAgeGroup,binary,0.4292683005332947
CWT,ItalyPowerDemand,binary,0.9698736667633057
CWT,ItalyPowerDemand,binary,0.5014577507972717
CWT,HouseTwenty,binary,0.7983193397521973
CWT,HouseTwenty,binary,0.42016807198524475
CWT,MiddlePhalanxOutlineAgeGroup,binary,0.6233766078948975
CWT,MiddlePhalanxOutlineAgeGroup,binary,0.5714285969734192
CWT,Ham,binary,0.6952381134033203
CWT,Ham,binary,0.48571428656578064
CWT,ACSF1,binary,0.33000001311302185
CWT,ACSF1,binary,0.10000000149011612
CWT,AllGestureWiimoteZ,binary,0.4942857027053833
CWT,AllGestureWiimoteZ,binary,0.10000000149011612
CWT,GestureMidAirD2,binary,0.4769230782985687
CWT,GestureMidAirD2,binary,0.03846153989434242
CWT,RefrigerationDevices,binary,0.48266667127609253
CWT,RefrigerationDevices,binary,0.3333333432674408
CWT,Beef,binary,0.7666666507720947
CWT,Beef,binary,0.20000000298023224
CWT,ProximalPhalanxOutlineCorrect,binary,0.6838487982749939
CWT,ProximalPhalanxOutlineCorrect,binary,0.6838487982749939
CWT,GesturePebbleZ2,binary,0.8101266026496887
CWT,GesturePebbleZ2,binary,0.1582278460264206
CWT,InsectEPGSmallTrain,binary,0.7309237122535706
CWT,InsectEPGSmallTrain,binary,0.16867469251155853
CWT,MoteStrain,binary,0.8482428193092346
CWT,MoteStrain,binary,0.5391373634338379
CWT,SemgHandMovementCh2,binary,0.41999998688697815
CWT,SemgHandMovementCh2,binary,0.1666666716337204
CWT,BME,binary,0.8600000143051147
CWT,BME,binary,0.3333333432674408
CWT,SmallKitchenAppliances,binary,0.7413333058357239
CWT,SmallKitchenAppliances,binary,0.3333333432674408
CWT,GestureMidAirD3,binary,0.3076923191547394
CWT,GestureMidAirD3,binary,0.03846153989434242
CWT,MiddlePhalanxOutlineCorrect,binary,0.5704467296600342
CWT,MiddlePhalanxOutlineCorrect,binary,0.5704467296600342
CWT,PigArtPressure,binary,0.009615384973585606
CWT,PigArtPressure,binary,0.01923076994717121
CWT,PigCVP,binary,0.03365384787321091
CWT,PigCVP,binary,0.01923076994717121
CWT,PowerCons,binary,0.855555534362793
CWT,PowerCons,binary,0.5
CWT,CBF,binary,0.9544444680213928
CWT,CBF,binary,0.3311111032962799
CWT,Car,binary,0.7666666507720947
CWT,Car,binary,0.23333333432674408
CWT,DodgerLoopDay,binary,0.4625000059604645
CWT,DodgerLoopDay,binary,0.15000000596046448
CWT,AllGestureWiimoteX,binary,0.5657142996788025
CWT,AllGestureWiimoteX,binary,0.10000000149011612
CWT,EthanolLevel,binary,0.421999990940094
CWT,EthanolLevel,binary,0.24799999594688416
CWT,SemgHandGenderCh2,binary,0.7366666793823242
CWT,SemgHandGenderCh2,binary,0.6499999761581421
CWT,MedicalImages,binary,0.682894766330719
CWT,MedicalImages,binary,0.5144736766815186
CWT,Worms,binary,0.5844155550003052
CWT,Worms,binary,0.16883116960525513
CWT,Earthquakes,binary,0.7482014298439026
CWT,Earthquakes,binary,0.7482014298439026
CWT,Adiac,binary,0.1253196895122528
CWT,Adiac,binary,0.02813299186527729
CWT,Fish,binary,0.800000011920929
CWT,Fish,binary,0.1257142871618271
CWT,OSULeaf,binary,0.5454545617103577
CWT,OSULeaf,binary,0.1900826394557953
CWT,UMD,binary,0.8958333134651184
CWT,UMD,binary,0.3333333432674408
CWT,PickupGestureWiimoteZ,binary,0.699999988079071
CWT,PickupGestureWiimoteZ,binary,0.10000000149011612
CWT,AllGestureWiimoteY,binary,0.5042856931686401
CWT,AllGestureWiimoteY,binary,0.10000000149011612
CWT,DistalPhalanxTW,binary,0.6402877569198608
CWT,DistalPhalanxTW,binary,0.057553958147764206
CWT,ToeSegmentation1,binary,0.5394737124443054
CWT,ToeSegmentation1,binary,0.4736842215061188
CWT,Meat,binary,0.9666666388511658
CWT,Meat,binary,0.3333333432674408
CWT,ShakeGestureWiimoteZ,binary,0.8799999952316284
CWT,ShakeGestureWiimoteZ,binary,0.10000000149011612
CWT,Symbols,binary,0.91758793592453
CWT,Symbols,binary,0.16482411324977875
CWT,PLAID,binary,0.3780260682106018
CWT,PLAID,binary,0.14525139331817627
CWT,Computers,binary,0.5879999995231628
CWT,Computers,binary,0.5
CWT,DodgerLoopGame,binary,0.8478260636329651
CWT,DodgerLoopGame,binary,0.52173912525177
CWT,ShapesAll,binary,0.019999999552965164
CWT,ShapesAll,binary,0.01666666753590107
CWT,DiatomSizeReduction,binary,0.9607843160629272
CWT,DiatomSizeReduction,binary,0.10784313827753067
CWT,SyntheticControl,binary,0.9333333373069763
CWT,SyntheticControl,binary,0.1666666716337204
CWT,SmoothSubspace,binary,0.8733333349227905
CWT,SmoothSubspace,binary,0.3333333432674408
CWT,BeetleFly,binary,0.6499999761581421
CWT,BeetleFly,binary,0.5
CWT,CricketZ,binary,0.5743589997291565
CWT,CricketZ,binary,0.09743589907884598
CWT,FreezerSmallTrain,binary,0.7035087943077087
CWT,FreezerSmallTrain,binary,0.5
CWT,GunPointOldVersusYoung,binary,0.9365079402923584
CWT,GunPointOldVersusYoung,binary,0.523809552192688
MTF,Fungi,binary,0.7096773982048035
MTF,Fungi,binary,0.037634409964084625
MTF,CricketX,binary,0.31794872879981995
MTF,CricketX,binary,0.08717948943376541
MTF,ECGFiveDays,binary,0.7108014225959778
MTF,ECGFiveDays,binary,0.49709638953208923
MTF,FiftyWords,binary,0.3758241832256317
MTF,FiftyWords,binary,0.013186813332140446
MTF,Haptics,binary,0.41558441519737244
MTF,Haptics,binary,0.19155843555927277
MTF,Wine,binary,0.7222222089767456
MTF,Wine,binary,0.5
MTF,GunPoint,binary,0.8866666555404663
MTF,GunPoint,binary,0.4933333396911621
MTF,PigAirwayPressure,binary,0.05288461595773697
MTF,PigAirwayPressure,binary,0.01923076994717121
MTF,WormsTwoClass,binary,0.7142857313156128
MTF,WormsTwoClass,binary,0.5714285969734192
MTF,DistalPhalanxOutlineAgeGroup,binary,0.6834532618522644
MTF,DistalPhalanxOutlineAgeGroup,binary,0.42446044087409973
MTF,SonyAIBORobotSurface1,binary,0.7337770462036133
MTF,SonyAIBORobotSurface1,binary,0.4292845129966736
MTF,SemgHandSubjectCh2,binary,0.30222222208976746
MTF,SemgHandSubjectCh2,binary,0.20000000298023224
MTF,DodgerLoopWeekend,binary,0.9637681245803833
MTF,DodgerLoopWeekend,binary,0.260869562625885
MTF,ArrowHead,binary,0.7085714340209961
MTF,ArrowHead,binary,0.3028571307659149
MTF,DistalPhalanxOutlineCorrect,binary,0.5833333134651184
MTF,DistalPhalanxOutlineCorrect,binary,0.4166666567325592
MTF,GunPointAgeSpan,binary,0.905063271522522
MTF,GunPointAgeSpan,binary,0.49367088079452515
MTF,ToeSegmentation2,binary,0.800000011920929
MTF,ToeSegmentation2,binary,0.1846153885126114
MTF,GesturePebbleZ1,binary,0.7790697813034058
MTF,GesturePebbleZ1,binary,0.1627907007932663
MTF,Trace,binary,0.8500000238418579
MTF,Trace,binary,0.23999999463558197
MTF,LargeKitchenAppliances,binary,0.4586666524410248
MTF,LargeKitchenAppliances,binary,0.3333333432674408
MTF,ProximalPhalanxTW,binary,0.6780487895011902
MTF,ProximalPhalanxTW,binary,0.35121950507164
MTF,CinCECGTorso,binary,0.8478260636329651
MTF,CinCECGTorso,binary,0.24855072796344757
MTF,MiddlePhalanxTW,binary,0.5584415793418884
MTF,MiddlePhalanxTW,binary,0.16233766078948975
MTF,InlineSkate,binary,0.2581818103790283
MTF,InlineSkate,binary,0.15272727608680725
MTF,ShapeletSim,binary,0.5
MTF,ShapeletSim,binary,0.5
MTF,SwedishLeaf,binary,0.6528000235557556
MTF,SwedishLeaf,binary,0.06719999760389328
MTF,Plane,binary,0.9809523820877075
MTF,Plane,binary,0.13333334028720856
MTF,Chinatown,binary,0.8658891916275024
MTF,Chinatown,binary,0.2740524709224701
MTF,Lightning2,binary,1.0
MTF,Lightning2,binary,1.0
MTF,FaceFour,binary,0.5795454382896423
MTF,FaceFour,binary,0.2954545319080353
MTF,ECG200,binary,1.0
MTF,ECG200,binary,1.0
MTF,GestureMidAirD1,binary,0.3769230842590332
MTF,GestureMidAirD1,binary,0.03846153989434242
MTF,Rock,binary,0.6000000238418579
MTF,Rock,binary,0.11999999731779099
MTF,Lightning7,binary,0.36986300349235535
MTF,Lightning7,binary,0.09589041024446487
MTF,TwoLeadECG,binary,0.7682177424430847
MTF,TwoLeadECG,binary,0.5004389882087708
MTF,ScreenType,binary,0.3786666691303253
MTF,ScreenType,binary,0.3333333432674408
MTF,Coffee,binary,0.7857142686843872
MTF,Coffee,binary,0.5357142686843872
MTF,SonyAIBORobotSurface2,binary,0.8373557329177856
MTF,SonyAIBORobotSurface2,binary,0.38300105929374695
MTF,GunPointMaleVersusFemale,binary,0.9398733973503113
MTF,GunPointMaleVersusFemale,binary,0.474683552980423
MTF,EOGHorizontalSignal,binary,0.11878453195095062
MTF,EOGHorizontalSignal,binary,0.08287292718887329
MTF,EOGVerticalSignal,binary,0.11049723625183105
MTF,EOGVerticalSignal,binary,0.08287292718887329
MTF,Strawberry,binary,0.8918918967247009
MTF,Strawberry,binary,0.6432432532310486
MTF,CricketY,binary,0.40512821078300476
MTF,CricketY,binary,0.08205128461122513
MTF,OliveOil,binary,0.7333333492279053
MTF,OliveOil,binary,0.4000000059604645
MTF,Herring,binary,0.53125
MTF,Herring,binary,0.59375
MTF,BirdChicken,binary,0.6499999761581421
MTF,BirdChicken,binary,0.5
MTF,WordSynonyms,binary,0.42006269097328186
MTF,WordSynonyms,binary,0.029780564829707146
MTF,ProximalPhalanxOutlineAgeGroup,binary,0.8926829099655151
MTF,ProximalPhalanxOutlineAgeGroup,binary,0.08292683213949203
MTF,ItalyPowerDemand,binary,0.7745383977890015
MTF,ItalyPowerDemand,binary,0.49854227900505066
MTF,HouseTwenty,binary,0.8067227005958557
MTF,HouseTwenty,binary,0.42016807198524475
MTF,MiddlePhalanxOutlineAgeGroup,binary,0.6948052048683167
MTF,MiddlePhalanxOutlineAgeGroup,binary,0.5714285969734192
MTF,Ham,binary,0.6285714507102966
MTF,Ham,binary,0.48571428656578064
MTF,ACSF1,binary,0.23999999463558197
MTF,ACSF1,binary,0.10000000149011612
MTF,AllGestureWiimoteZ,binary,0.26571428775787354
MTF,AllGestureWiimoteZ,binary,0.10000000149011612
MTF,GestureMidAirD2,binary,0.4000000059604645
MTF,GestureMidAirD2,binary,0.03846153989434242
MTF,RefrigerationDevices,binary,0.5360000133514404
MTF,RefrigerationDevices,binary,0.3333333432674408
MTF,Beef,binary,0.6333333253860474
MTF,Beef,binary,0.20000000298023224
MTF,ProximalPhalanxOutlineCorrect,binary,0.6838487982749939
MTF,ProximalPhalanxOutlineCorrect,binary,0.6838487982749939
MTF,GesturePebbleZ2,binary,0.8607594966888428
MTF,GesturePebbleZ2,binary,0.1835443079471588
MTF,InsectEPGSmallTrain,binary,0.7108433842658997
MTF,InsectEPGSmallTrain,binary,0.35742971301078796
MTF,MoteStrain,binary,0.8266773223876953
MTF,MoteStrain,binary,0.4608626067638397
MTF,SemgHandMovementCh2,binary,0.23999999463558197
MTF,SemgHandMovementCh2,binary,0.1666666716337204
MTF,BME,binary,0.6600000262260437
MTF,BME,binary,0.3333333432674408
MTF,SmallKitchenAppliances,binary,0.6666666865348816
MTF,SmallKitchenAppliances,binary,0.3333333432674408
MTF,GestureMidAirD3,binary,0.23846153914928436
MTF,GestureMidAirD3,binary,0.03846153989434242
MTF,MiddlePhalanxOutlineCorrect,binary,0.5704467296600342
MTF,MiddlePhalanxOutlineCorrect,binary,0.4295532703399658
MTF,PigArtPressure,binary,0.028846153989434242
MTF,PigArtPressure,binary,0.01923076994717121
MTF,PigCVP,binary,0.024038461968302727
MTF,PigCVP,binary,0.01923076994717121
MTF,PowerCons,binary,0.8166666626930237
MTF,PowerCons,binary,0.5
MTF,CBF,binary,0.6677777767181396
MTF,CBF,binary,0.3311111032962799
MTF,Car,binary,0.800000011920929
MTF,Car,binary,0.23333333432674408
MTF,DodgerLoopDay,binary,0.30000001192092896
MTF,DodgerLoopDay,binary,0.125
MTF,AllGestureWiimoteX,binary,0.31285715103149414
MTF,AllGestureWiimoteX,binary,0.10000000149011612
MTF,EthanolLevel,binary,0.2879999876022339
MTF,EthanolLevel,binary,0.24799999594688416
MTF,SemgHandGenderCh2,binary,0.5416666865348816
MTF,SemgHandGenderCh2,binary,0.3499999940395355
MTF,MedicalImages,binary,0.503947377204895
MTF,MedicalImages,binary,0.07894736528396606
MTF,Worms,binary,0.5324675440788269
MTF,Worms,binary,0.4285714328289032
MTF,Earthquakes,binary,0.7482014298439026
MTF,Earthquakes,binary,0.7482014298439026
MTF,Adiac,binary,0.06905370950698853
MTF,Adiac,binary,0.02557544782757759
MTF,Fish,binary,0.6800000071525574
MTF,Fish,binary,0.1428571492433548
MTF,OSULeaf,binary,0.6404958963394165
MTF,OSULeaf,binary,0.1818181872367859
MTF,UMD,binary,0.6180555820465088
MTF,UMD,binary,0.3333333432674408
MTF,PickupGestureWiimoteZ,binary,0.5400000214576721
MTF,PickupGestureWiimoteZ,binary,0.10000000149011612
MTF,AllGestureWiimoteY,binary,0.23571428656578064
MTF,AllGestureWiimoteY,binary,0.10000000149011612
MTF,DistalPhalanxTW,binary,0.5827338099479675
MTF,DistalPhalanxTW,binary,0.30215826630592346
MTF,ToeSegmentation1,binary,0.7236841917037964
MTF,ToeSegmentation1,binary,0.4736842215061188
MTF,Meat,binary,0.8333333134651184
MTF,Meat,binary,0.3333333432674408
MTF,ShakeGestureWiimoteZ,binary,0.7400000095367432
MTF,ShakeGestureWiimoteZ,binary,0.10000000149011612
MTF,Symbols,binary,0.921608030796051
MTF,Symbols,binary,0.17386934161186218
MTF,PLAID,binary,0.34823089838027954
MTF,PLAID,binary,0.16201117634773254
MTF,Computers,binary,0.6600000262260437
MTF,Computers,binary,0.5
MTF,DodgerLoopGame,binary,0.5942028760910034
MTF,DodgerLoopGame,binary,0.52173912525177
MTF,ShapesAll,binary,0.22833333909511566
MTF,ShapesAll,binary,0.01666666753590107
MTF,DiatomSizeReduction,binary,0.9052287340164185
MTF,DiatomSizeReduction,binary,0.28431373834609985
MTF,SyntheticControl,binary,0.4833333194255829
MTF,SyntheticControl,binary,0.1666666716337204
MTF,SmoothSubspace,binary,0.4866666793823242
MTF,SmoothSubspace,binary,0.3333333432674408
MTF,BeetleFly,binary,0.6499999761581421
MTF,BeetleFly,binary,0.5
MTF,CricketZ,binary,0.14615385234355927
MTF,CricketZ,binary,0.07179487496614456
MTF,FreezerSmallTrain,binary,0.6863157749176025
MTF,FreezerSmallTrain,binary,0.5
MTF,GunPointOldVersusYoung,binary,0.9269841313362122
MTF,GunPointOldVersusYoung,binary,0.523809552192688
RP,Fungi,binary,0.9247311949729919
RP,Fungi,binary,0.037634409964084625
RP,CricketX,binary,0.5948718190193176
RP,CricketX,binary,0.08717948943376541
RP,ECGFiveDays,binary,0.9790940880775452
RP,ECGFiveDays,binary,0.49709638953208923
RP,FiftyWords,binary,0.694505512714386
RP,FiftyWords,binary,0.0923076942563057
RP,Haptics,binary,0.5162337422370911
RP,Haptics,binary,0.19155843555927277
RP,Wine,binary,0.7407407164573669
RP,Wine,binary,0.5
RP,GunPoint,binary,0.9200000166893005
RP,GunPoint,binary,0.4933333396911621
RP,PigAirwayPressure,binary,0.06730769574642181
RP,PigAirwayPressure,binary,0.01923076994717121
RP,WormsTwoClass,binary,0.701298713684082
RP,WormsTwoClass,binary,0.5714285969734192
RP,DistalPhalanxOutlineAgeGroup,binary,0.9208633303642273
RP,DistalPhalanxOutlineAgeGroup,binary,0.42446044087409973
RP,SonyAIBORobotSurface1,binary,0.7903494238853455
RP,SonyAIBORobotSurface1,binary,0.4292845129966736
RP,SemgHandSubjectCh2,binary,0.5911111235618591
RP,SemgHandSubjectCh2,binary,0.20000000298023224
RP,DodgerLoopWeekend,binary,0.9710144996643066
RP,DodgerLoopWeekend,binary,0.260869562625885
RP,ArrowHead,binary,0.7771428823471069
RP,ArrowHead,binary,0.3028571307659149
RP,DistalPhalanxOutlineCorrect,binary,0.717391312122345
RP,DistalPhalanxOutlineCorrect,binary,0.4166666567325592
RP,GunPointAgeSpan,binary,0.9208860993385315
RP,GunPointAgeSpan,binary,0.49367088079452515
RP,ToeSegmentation2,binary,0.8846153616905212
RP,ToeSegmentation2,binary,0.1846153885126114
RP,GesturePebbleZ1,binary,0.8139534592628479
RP,GesturePebbleZ1,binary,0.1627907007932663
RP,Trace,binary,0.9800000190734863
RP,Trace,binary,0.1899999976158142
RP,LargeKitchenAppliances,binary,0.6079999804496765
RP,LargeKitchenAppliances,binary,0.3333333432674408
RP,ProximalPhalanxTW,binary,0.8975609540939331
RP,ProximalPhalanxTW,binary,0.009756097570061684
RP,CinCECGTorso,binary,0.9021739363670349
RP,CinCECGTorso,binary,0.24782608449459076
RP,MiddlePhalanxTW,binary,0.9220778942108154
RP,MiddlePhalanxTW,binary,0.16233766078948975
RP,InlineSkate,binary,0.3872727155685425
RP,InlineSkate,binary,0.15454545617103577
RP,ShapeletSim,binary,0.6611111164093018
RP,ShapeletSim,binary,0.5
RP,SwedishLeaf,binary,0.9711999893188477
RP,SwedishLeaf,binary,0.07360000163316727
RP,Plane,binary,1.0
RP,Plane,binary,0.095238097012043
RP,Chinatown,binary,0.9271137118339539
RP,Chinatown,binary,0.2740524709224701
RP,Lightning2,binary,1.0
RP,Lightning2,binary,1.0
RP,FaceFour,binary,0.875
RP,FaceFour,binary,0.2954545319080353
RP,ECG200,binary,1.0
RP,ECG200,binary,1.0
RP,GestureMidAirD1,binary,0.4615384638309479
RP,GestureMidAirD1,binary,0.03846153989434242
RP,Rock,binary,0.8600000143051147
RP,Rock,binary,0.18000000715255737
RP,Lightning7,binary,0.6712328791618347
RP,Lightning7,binary,0.16438356041908264
RP,TwoLeadECG,binary,0.9411764740943909
RP,TwoLeadECG,binary,0.49956101179122925
RP,ScreenType,binary,0.3919999897480011
RP,ScreenType,binary,0.3333333432674408
RP,Coffee,binary,0.8928571343421936
RP,Coffee,binary,0.5357142686843872
RP,SonyAIBORobotSurface2,binary,0.7775446176528931
RP,SonyAIBORobotSurface2,binary,0.38300105929374695
RP,GunPointMaleVersusFemale,binary,0.9873417615890503
RP,GunPointMaleVersusFemale,binary,0.5253164768218994
RP,EOGHorizontalSignal,binary,0.26243093609809875
RP,EOGHorizontalSignal,binary,0.08287292718887329
RP,EOGVerticalSignal,binary,0.3038673996925354
RP,EOGVerticalSignal,binary,0.08287292718887329
RP,Strawberry,binary,0.8513513803482056
RP,Strawberry,binary,0.3567567467689514
RP,CricketY,binary,0.6461538672447205
RP,CricketY,binary,0.08717948943376541
RP,OliveOil,binary,0.699999988079071
RP,OliveOil,binary,0.30000001192092896
RP,Herring,binary,0.671875
RP,Herring,binary,0.59375
RP,BirdChicken,binary,0.800000011920929
RP,BirdChicken,binary,0.5
RP,WordSynonyms,binary,0.6253918409347534
RP,WordSynonyms,binary,0.02037617564201355
RP,ProximalPhalanxOutlineAgeGroup,binary,0.9268292784690857
RP,ProximalPhalanxOutlineAgeGroup,binary,0.4292683005332947
RP,ItalyPowerDemand,binary,0.9475218653678894
RP,ItalyPowerDemand,binary,0.5014577507972717
RP,HouseTwenty,binary,0.7310924530029297
RP,HouseTwenty,binary,0.42016807198524475
RP,MiddlePhalanxOutlineAgeGroup,binary,0.8441558480262756
RP,MiddlePhalanxOutlineAgeGroup,binary,0.18831168115139008
RP,Ham,binary,0.7047619223594666
RP,Ham,binary,0.5142857432365417
RP,ACSF1,binary,0.3700000047683716
RP,ACSF1,binary,0.10000000149011612
RP,AllGestureWiimoteZ,binary,0.45571428537368774
RP,AllGestureWiimoteZ,binary,0.10000000149011612
RP,GestureMidAirD2,binary,0.5307692289352417
RP,GestureMidAirD2,binary,0.03846153989434242
RP,RefrigerationDevices,binary,0.5680000185966492
RP,RefrigerationDevices,binary,0.3333333432674408
RP,Beef,binary,0.7666666507720947
RP,Beef,binary,0.20000000298023224
RP,ProximalPhalanxOutlineCorrect,binary,0.6838487982749939
RP,ProximalPhalanxOutlineCorrect,binary,0.3161512017250061
RP,GesturePebbleZ2,binary,0.7088607549667358
RP,GesturePebbleZ2,binary,0.15189872682094574
RP,InsectEPGSmallTrain,binary,0.6184738874435425
RP,InsectEPGSmallTrain,binary,0.4738955795764923
RP,MoteStrain,binary,0.8618211150169373
RP,MoteStrain,binary,0.4608626067638397
RP,SemgHandMovementCh2,binary,0.3777777850627899
RP,SemgHandMovementCh2,binary,0.1666666716337204
RP,BME,binary,0.95333331823349
RP,BME,binary,0.3333333432674408
RP,SmallKitchenAppliances,binary,0.5333333611488342
RP,SmallKitchenAppliances,binary,0.3333333432674408
RP,GestureMidAirD3,binary,0.3153846263885498
RP,GestureMidAirD3,binary,0.03846153989434242
RP,MiddlePhalanxOutlineCorrect,binary,0.8556700944900513
RP,MiddlePhalanxOutlineCorrect,binary,0.5704467296600342
RP,PigArtPressure,binary,0.13942307233810425
RP,PigArtPressure,binary,0.01923076994717121
RP,PigCVP,binary,0.12019230425357819
RP,PigCVP,binary,0.01923076994717121
RP,PowerCons,binary,0.9055555462837219
RP,PowerCons,binary,0.5
RP,CBF,binary,0.9255555272102356
RP,CBF,binary,0.3333333432674408
RP,Car,binary,0.9166666865348816
RP,Car,binary,0.23333333432674408
RP,DodgerLoopDay,binary,0.4000000059604645
RP,DodgerLoopDay,binary,0.13750000298023224
RP,AllGestureWiimoteX,binary,0.39142856001853943
RP,AllGestureWiimoteX,binary,0.10000000149011612
RP,EthanolLevel,binary,0.8379999995231628
RP,EthanolLevel,binary,0.24799999594688416
RP,SemgHandGenderCh2,binary,0.675000011920929
RP,SemgHandGenderCh2,binary,0.3499999940395355
RP,MedicalImages,binary,0.6486842036247253
RP,MedicalImages,binary,0.5144736766815186
RP,Worms,binary,0.649350643157959
RP,Worms,binary,0.4285714328289032
RP,Earthquakes,binary,0.7482014298439026
RP,Earthquakes,binary,0.7482014298439026
RP,Adiac,binary,0.6598465442657471
RP,Adiac,binary,0.02557544782757759
RP,Fish,binary,0.9371428489685059
RP,Fish,binary,0.1371428519487381
RP,OSULeaf,binary,0.8223140239715576
RP,OSULeaf,binary,0.13223139941692352
RP,UMD,binary,0.8472222089767456
RP,UMD,binary,0.3333333432674408
RP,PickupGestureWiimoteZ,binary,0.699999988079071
RP,PickupGestureWiimoteZ,binary,0.10000000149011612
RP,AllGestureWiimoteY,binary,0.3628571331501007
RP,AllGestureWiimoteY,binary,0.10000000149011612
RP,DistalPhalanxTW,binary,0.7338129281997681
RP,DistalPhalanxTW,binary,0.12949639558792114
RP,ToeSegmentation1,binary,0.7368420958518982
RP,ToeSegmentation1,binary,0.4736842215061188
RP,Meat,binary,0.9166666865348816
RP,Meat,binary,0.3333333432674408
RP,ShakeGestureWiimoteZ,binary,0.699999988079071
RP,ShakeGestureWiimoteZ,binary,0.10000000149011612
RP,Symbols,binary,0.9085426926612854
RP,Symbols,binary,0.17386934161186218
RP,PLAID,binary,0.3463687002658844
RP,PLAID,binary,0.1601489782333374
RP,Computers,binary,0.5120000243186951
RP,Computers,binary,0.5
RP,DodgerLoopGame,binary,0.5724637508392334
RP,DodgerLoopGame,binary,0.47826087474823
RP,ShapesAll,binary,0.4216666519641876
RP,ShapesAll,binary,0.01666666753590107
RP,DiatomSizeReduction,binary,0.9607843160629272
RP,DiatomSizeReduction,binary,0.3006536066532135
RP,SyntheticControl,binary,0.6666666865348816
RP,SyntheticControl,binary,0.1666666716337204
RP,SmoothSubspace,binary,0.9333333373069763
RP,SmoothSubspace,binary,0.3333333432674408
RP,BeetleFly,binary,0.800000011920929
RP,BeetleFly,binary,0.5
RP,CricketZ,binary,0.5256410241127014
RP,CricketZ,binary,0.07179487496614456
RP,FreezerSmallTrain,binary,0.9136841893196106
RP,FreezerSmallTrain,binary,0.5
RP,GunPointOldVersusYoung,binary,0.961904764175415
RP,GunPointOldVersusYoung,binary,0.4761904776096344
GAF,Fungi,binary,0.7903226017951965
GAF,Fungi,binary,0.037634409964084625
GAF,CricketX,binary,0.1538461595773697
GAF,CricketX,binary,0.0743589773774147
GAF,ECGFiveDays,binary,0.49709638953208923
GAF,ECGFiveDays,binary,0.49709638953208923
GAF,FiftyWords,binary,0.2571428716182709
GAF,FiftyWords,binary,0.008791209198534489
GAF,Haptics,binary,0.4610389471054077
GAF,Haptics,binary,0.20779220759868622
GAF,Wine,binary,0.5
GAF,Wine,binary,0.5
GAF,GunPoint,binary,0.9800000190734863
GAF,GunPoint,binary,0.4933333396911621
GAF,PigAirwayPressure,binary,0.01923076994717121
GAF,PigAirwayPressure,binary,0.01923076994717121
GAF,WormsTwoClass,binary,0.7142857313156128
GAF,WormsTwoClass,binary,0.5714285969734192
GAF,DistalPhalanxOutlineAgeGroup,binary,0.6834532618522644
GAF,DistalPhalanxOutlineAgeGroup,binary,0.4676258862018585
GAF,SonyAIBORobotSurface1,binary,0.5257903337478638
GAF,SonyAIBORobotSurface1,binary,0.4292845129966736
GAF,SemgHandSubjectCh2,binary,0.4000000059604645
GAF,SemgHandSubjectCh2,binary,0.20000000298023224
GAF,DodgerLoopWeekend,binary,0.9202898740768433
GAF,DodgerLoopWeekend,binary,0.260869562625885
GAF,ArrowHead,binary,0.8171428442001343
GAF,ArrowHead,binary,0.3942857086658478
GAF,DistalPhalanxOutlineCorrect,binary,0.5833333134651184
GAF,DistalPhalanxOutlineCorrect,binary,0.4166666567325592
GAF,GunPointAgeSpan,binary,0.8512658476829529
GAF,GunPointAgeSpan,binary,0.49367088079452515
GAF,ToeSegmentation2,binary,0.7692307829856873
GAF,ToeSegmentation2,binary,0.1846153885126114
GAF,GesturePebbleZ1,binary,0.2732558250427246
GAF,GesturePebbleZ1,binary,0.18023255467414856
GAF,Trace,binary,0.6700000166893005
GAF,Trace,binary,0.23999999463558197
GAF,LargeKitchenAppliances,binary,0.6346666812896729
GAF,LargeKitchenAppliances,binary,0.3333333432674408
GAF,ProximalPhalanxTW,binary,0.7365853786468506
GAF,ProximalPhalanxTW,binary,0.009756097570061684
GAF,CinCECGTorso,binary,0.6688405871391296
GAF,CinCECGTorso,binary,0.25
GAF,MiddlePhalanxTW,binary,0.5974025726318359
GAF,MiddlePhalanxTW,binary,0.16233766078948975
GAF,InlineSkate,binary,0.3199999928474426
GAF,InlineSkate,binary,0.15454545617103577
GAF,ShapeletSim,binary,0.5
GAF,ShapeletSim,binary,0.5
GAF,SwedishLeaf,binary,0.42239999771118164
GAF,SwedishLeaf,binary,0.06239999830722809
GAF,Plane,binary,0.9714285731315613
GAF,Plane,binary,0.1428571492433548
GAF,Chinatown,binary,0.9591836929321289
GAF,Chinatown,binary,0.2740524709224701
GAF,Lightning2,binary,1.0
GAF,Lightning2,binary,1.0
GAF,FaceFour,binary,0.4318181872367859
GAF,FaceFour,binary,0.2954545319080353
GAF,ECG200,binary,1.0
GAF,ECG200,binary,1.0
GAF,GestureMidAirD1,binary,0.17692308127880096
GAF,GestureMidAirD1,binary,0.03846153989434242
GAF,Rock,binary,0.5600000023841858
GAF,Rock,binary,0.41999998688697815
GAF,Lightning7,binary,0.6164383292198181
GAF,Lightning7,binary,0.09589041024446487
GAF,TwoLeadECG,binary,0.985952615737915
GAF,TwoLeadECG,binary,0.5004389882087708
GAF,ScreenType,binary,0.3733333349227905
GAF,ScreenType,binary,0.3333333432674408
GAF,Coffee,binary,0.4642857015132904
GAF,Coffee,binary,0.4642857015132904
GAF,SonyAIBORobotSurface2,binary,0.6977964043617249
GAF,SonyAIBORobotSurface2,binary,0.6169989705085754
GAF,GunPointMaleVersusFemale,binary,0.8765822649002075
GAF,GunPointMaleVersusFemale,binary,0.474683552980423
GAF,EOGHorizontalSignal,binary,0.3397790193557739
GAF,EOGHorizontalSignal,binary,0.08011049777269363
GAF,EOGVerticalSignal,binary,0.1961326003074646
GAF,EOGVerticalSignal,binary,0.08287292718887329
GAF,Strawberry,binary,0.7567567825317383
GAF,Strawberry,binary,0.6432432532310486
GAF,CricketY,binary,0.14358974993228912
GAF,CricketY,binary,0.07948718219995499
GAF,OliveOil,binary,0.4000000059604645
GAF,OliveOil,binary,0.4000000059604645
GAF,Herring,binary,0.734375
GAF,Herring,binary,0.40625
GAF,BirdChicken,binary,0.6499999761581421
GAF,BirdChicken,binary,0.5
GAF,WordSynonyms,binary,0.3369905948638916
GAF,WordSynonyms,binary,0.018808776512742043
GAF,ProximalPhalanxOutlineAgeGroup,binary,0.9414634108543396
GAF,ProximalPhalanxOutlineAgeGroup,binary,0.4878048896789551
GAF,ItalyPowerDemand,binary,0.9815354943275452
GAF,ItalyPowerDemand,binary,0.5014577507972717
GAF,HouseTwenty,binary,0.6470588445663452
GAF,HouseTwenty,binary,0.5798319578170776
GAF,MiddlePhalanxOutlineAgeGroup,binary,0.850649356842041
GAF,MiddlePhalanxOutlineAgeGroup,binary,0.5714285969734192
GAF,Ham,binary,0.5714285969734192
GAF,Ham,binary,0.48571428656578064
GAF,ACSF1,binary,0.7300000190734863
GAF,ACSF1,binary,0.10000000149011612
GAF,AllGestureWiimoteZ,binary,0.334285706281662
GAF,AllGestureWiimoteZ,binary,0.10000000149011612
GAF,GestureMidAirD2,binary,0.32307693362236023
GAF,GestureMidAirD2,binary,0.03846153989434242
GAF,RefrigerationDevices,binary,0.4480000138282776
GAF,RefrigerationDevices,binary,0.3333333432674408
GAF,Beef,binary,0.6000000238418579
GAF,Beef,binary,0.20000000298023224
GAF,ProximalPhalanxOutlineCorrect,binary,0.6838487982749939
GAF,ProximalPhalanxOutlineCorrect,binary,0.6838487982749939
GAF,GesturePebbleZ2,binary,0.2848101258277893
GAF,GesturePebbleZ2,binary,0.1835443079471588
GAF,InsectEPGSmallTrain,binary,0.6465863585472107
GAF,InsectEPGSmallTrain,binary,0.16867469251155853
GAF,MoteStrain,binary,0.909744381904602
GAF,MoteStrain,binary,0.4608626067638397
GAF,SemgHandMovementCh2,binary,0.20444443821907043
GAF,SemgHandMovementCh2,binary,0.1666666716337204
GAF,BME,binary,0.95333331823349
GAF,BME,binary,0.3333333432674408
GAF,SmallKitchenAppliances,binary,0.445333331823349
GAF,SmallKitchenAppliances,binary,0.3333333432674408
GAF,GestureMidAirD3,binary,0.08461538702249527
GAF,GestureMidAirD3,binary,0.03846153989434242
GAF,MiddlePhalanxOutlineCorrect,binary,0.5704467296600342
GAF,MiddlePhalanxOutlineCorrect,binary,0.5704467296600342
GAF,PigArtPressure,binary,0.01923076994717121
GAF,PigArtPressure,binary,0.01923076994717121
GAF,PigCVP,binary,0.01923076994717121
GAF,PigCVP,binary,0.01923076994717121
GAF,PowerCons,binary,0.8833333253860474
GAF,PowerCons,binary,0.5
GAF,CBF,binary,0.6044444441795349
GAF,CBF,binary,0.3311111032962799
GAF,Car,binary,0.75
GAF,Car,binary,0.3166666626930237
GAF,DodgerLoopDay,binary,0.2874999940395355
GAF,DodgerLoopDay,binary,0.16249999403953552
GAF,AllGestureWiimoteX,binary,0.27571427822113037
GAF,AllGestureWiimoteX,binary,0.10000000149011612
GAF,EthanolLevel,binary,0.9599999785423279
GAF,EthanolLevel,binary,0.25200000405311584
GAF,SemgHandGenderCh2,binary,0.6466666460037231
GAF,SemgHandGenderCh2,binary,0.3499999940395355
GAF,MedicalImages,binary,0.5763157606124878
GAF,MedicalImages,binary,0.5144736766815186
GAF,Worms,binary,0.5454545617103577
GAF,Worms,binary,0.10389610379934311
GAF,Earthquakes,binary,0.7482014298439026
GAF,Earthquakes,binary,0.7482014298439026
GAF,Adiac,binary,0.040920715779066086
GAF,Adiac,binary,0.03069053776562214
GAF,Fish,binary,0.8285714387893677
GAF,Fish,binary,0.1428571492433548
GAF,OSULeaf,binary,0.4628099203109741
GAF,OSULeaf,binary,0.13223139941692352
GAF,UMD,binary,0.9513888955116272
GAF,UMD,binary,0.3333333432674408
GAF,PickupGestureWiimoteZ,binary,0.6200000047683716
GAF,PickupGestureWiimoteZ,binary,0.10000000149011612
GAF,AllGestureWiimoteY,binary,0.3100000023841858
GAF,AllGestureWiimoteY,binary,0.10000000149011612
GAF,DistalPhalanxTW,binary,0.6115108132362366
GAF,DistalPhalanxTW,binary,0.1366906464099884
GAF,ToeSegmentation1,binary,0.5175438523292542
GAF,ToeSegmentation1,binary,0.4736842215061188
GAF,Meat,binary,0.3333333432674408
GAF,Meat,binary,0.3333333432674408
GAF,ShakeGestureWiimoteZ,binary,0.7200000286102295
GAF,ShakeGestureWiimoteZ,binary,0.10000000149011612
GAF,Symbols,binary,0.7597990036010742
GAF,Symbols,binary,0.17386934161186218
GAF,PLAID,binary,0.35754188895225525
GAF,PLAID,binary,0.1601489782333374
GAF,Computers,binary,0.5239999890327454
GAF,Computers,binary,0.5
GAF,DodgerLoopGame,binary,0.5942028760910034
GAF,DodgerLoopGame,binary,0.52173912525177
GAF,ShapesAll,binary,0.018333332613110542
GAF,ShapesAll,binary,0.01666666753590107
GAF,DiatomSizeReduction,binary,0.9803921580314636
GAF,DiatomSizeReduction,binary,0.30718955397605896
GAF,SyntheticControl,binary,0.9300000071525574
GAF,SyntheticControl,binary,0.1666666716337204
GAF,SmoothSubspace,binary,0.8399999737739563
GAF,SmoothSubspace,binary,0.3333333432674408
GAF,BeetleFly,binary,0.75
GAF,BeetleFly,binary,0.5
GAF,CricketZ,binary,0.21794871985912323
GAF,CricketZ,binary,0.0615384615957737
GAF,FreezerSmallTrain,binary,0.9814035296440125
GAF,FreezerSmallTrain,binary,0.5
GAF,GunPointOldVersusYoung,binary,0.7460317611694336
GAF,GunPointOldVersusYoung,binary,0.523809552192688
